{"Version":2,"SourceFileDate":134046754393529689,"Flags":["FL_BITMAP_COMPRESSION","FL_BITMAP_MIPMAP","FL_BITMAP_QUALITY_HIGH","FL_BITMAP_PRECOMPUTED_INV_AVG"],"InvAvgColor":[2.4260263442993164,3.1323065757751465,3.8593542575836182],"HasTransp":true}