{"Version":2,"SourceFileDate":132607139324456131,"Flags":["FL_BITMAP_COMPRESSION","FL_BITMAP_MIPMAP","FL_BITMAP_QUALITY_HIGH","FL_BITMAP_PRECOMPUTED_INV_AVG"],"InvAvgColor":[3.0079567432403564,3.0079567432403564,3.0079567432403564],"HasTransp":true}