{"Version":2,"SourceFileDate":132607490030515484,"Flags":["FL_BITMAP_COMPRESSION","FL_BITMAP_MIPMAP","FL_BITMAP_QUALITY_HIGH","FL_BITMAP_PRECOMPUTED_INV_AVG"],"InvAvgColor":[6.2077498435974121,6.2077498435974121,6.2077498435974121],"HasTransp":true}