{"Version":2,"SourceFileDate":132607488790333074,"Flags":["FL_BITMAP_COMPRESSION","FL_BITMAP_MIPMAP","FL_BITMAP_QUALITY_HIGH","FL_BITMAP_PRECOMPUTED_INV_AVG"],"InvAvgColor":[4.3421664237976074,4.3421664237976074,4.3421664237976074],"HasTransp":true}