{"Version":2,"SourceFileDate":133726152949644677,"Flags":["FL_BITMAP_COMPRESSION","FL_BITMAP_MIPMAP","FL_BITMAP_QUALITY_HIGH","FL_BITMAP_PRECOMPUTED_INV_AVG"],"InvAvgColor":[5.5830826759338379,6.5352272987365723,6.8699526786804199]}