{"Version":2,"SourceFileDate":132607057120040188,"Flags":["FL_BITMAP_COMPRESSION","FL_BITMAP_MIPMAP","FL_BITMAP_QUALITY_HIGH","FL_BITMAP_PRECOMPUTED_INV_AVG"],"InvAvgColor":[1.0641260147094727,1.0641260147094727,1.0641260147094727],"HasTransp":true}