{"Version":2,"SourceFileDate":132607466362645402,"Flags":["FL_BITMAP_COMPRESSION","FL_BITMAP_MIPMAP","FL_BITMAP_QUALITY_HIGH","FL_BITMAP_PRECOMPUTED_INV_AVG"],"InvAvgColor":[1.0565783977508545,1.0565783977508545,1.0565783977508545],"HasTransp":true}